VTuber ID,Video Type,Title,Publish Time,URL,Thumbnail URL
9e3edec3eec54f49a065f1970471d473,live,22/4 Day3 ！回憶那些年台灣劇像劇小歌回！加班台啟動！降落追隨也會加時間！| ٩(ˊᗜˋ*)و💙,2026-04-20T22:31:30Z,https://www.twitch.tv/chiyoookami_,https://static-cdn.jtvnw.net/previews-ttv/live_user_chiyoookami_-{width}x{height}.jpg
76165d25983b463eaa1da66c86a32b7c,live,【日常】打洲的夜彩 【靛之森Ainomori】|【夜彩Yoruro】可用7TV貼圖 因為害羞非常不感謝揪團Q_Q: @laozhangmy,2026-04-21T11:23:55Z,https://www.twitch.tv/yorurovtuber,https://static-cdn.jtvnw.net/previews-ttv/live_user_yorurovtuber-{width}x{height}.jpg
bf03fd8b5b55481590ea63338c5cdd20,live,4/24 加班一週年Day377 !週邊 / !DC / 訂閱加班10分 / 揪團10人2分鐘 / @komorikuma_vtuber,2026-04-22T00:00:02Z,https://www.twitch.tv/komorikuma_vtuber,https://static-cdn.jtvnw.net/previews-ttv/live_user_komorikuma_vtuber-{width}x{height}.jpg
dc3e05e0c12b4e0a93dc230f30925ee0,live,【土司喵】今天睡不著陪你們上班<3 ▏加班台Day.229@toast_meow 掛台聲音要5%哦<3,2026-04-22T01:42:45Z,https://www.twitch.tv/toast_meow,https://static-cdn.jtvnw.net/previews-ttv/live_user_toast_meow-{width}x{height}.jpg
61e81c6f534247b486b8125bd34fa960,live,【BLUE】有人會帶我玩三角洲嗎 @blue_kao,2026-04-22T10:44:14Z,https://www.twitch.tv/blue_kao,https://static-cdn.jtvnw.net/previews-ttv/live_user_blue_kao-{width}x{height}.jpg
afa3e309e41044c5bffe17466607d481,live,雪雪๐•ᴗ•๐ 4/22 ♡ @yukkkkiouo !自主訂閱支援 !YT,2026-04-22T11:22:25Z,https://www.twitch.tv/yukkkkiouo,https://static-cdn.jtvnw.net/previews-ttv/live_user_yukkkkiouo-{width}x{height}.jpg
843d99233b474827a2f0bc417ffd3852,live,【抹茶】04/22｜加班D33 (✿˘ ˘✿) 你好我是沒做完不能睡覺柯基 今天可以下班嗎｜ @isuzumaccha ｜!委託 !斗內 !魔儲 🍵 #茶室營業中,2026-04-22T13:08:33Z,https://www.twitch.tv/isuzumaccha,https://static-cdn.jtvnw.net/previews-ttv/live_user_isuzumaccha-{width}x{height}.jpg
887b37336c9c4730809ace8b5e38df17,live,訂閱拿掉寶🎁Day3 好可愛 ʚ •͈˽•͈ ིྀɞ｜⭐24hr看台送遊戲 ⁺˳✿ ₊,2026-04-22T14:10:13Z,https://www.twitch.tv/isyourlulu,https://static-cdn.jtvnw.net/previews-ttv/live_user_isyourlulu-{width}x{height}.jpg
949f184abcc84a82b8e9f333b41a2109,live,4/22 吸燕 百業收人 | !週邊賣場 !衣服 !kusdom !布丁 ✧*｡٩(ˊᗜˋ*)و✧*｡,2026-04-22T15:05:55Z,https://www.twitch.tv/lupulu0524,https://static-cdn.jtvnw.net/previews-ttv/live_user_lupulu0524-{width}x{height}.jpg
a60e76fb18f44818980d7d5b07cf82c9,live,【工作台】你們放BGM我來偷薪!讚,2026-04-22T15:30:16Z,https://www.twitch.tv/agaberrila_ahymn,https://static-cdn.jtvnw.net/previews-ttv/live_user_agaberrila_ahymn-{width}x{height}.jpg
405cf0a502a6496bacfe7e49647e7e28,live,[Altic_Sou]雜談Just Chatting - EP291 衝一下新活動  [TW/EN] !布丁 !斗內,2026-04-22T15:42:44Z,https://www.twitch.tv/altic_sou,https://static-cdn.jtvnw.net/previews-ttv/live_user_altic_sou-{width}x{height}.jpg
b6cc2e3d23f34ba8bbeba181d19a714c,live,4/22 工作台 ｜ 4300追隨衝衝衝  |  !SOOP !黎明再現  !戰車,2026-04-22T15:58:34Z,https://www.twitch.tv/asft8822,https://static-cdn.jtvnw.net/previews-ttv/live_user_asft8822-{width}x{height}.jpg
a3452262e11348c88afea4031b0323a8,live,崩壞星穹鐵道─跑新主線囉~幻月遊戲即將揭曉結局?! ｜使用英配｜歡迎初見｜,2026-04-22T17:12:34Z,https://www.twitch.tv/haivender,https://static-cdn.jtvnw.net/previews-ttv/live_user_haivender-{width}x{height}.jpg
daa0d327175a43dc9bb627bc6db7de56,live,【C風】耍廢台｜給大家掛台~看鴨鴨,2026-04-22T17:22:56Z,https://www.twitch.tv/flys88028,https://static-cdn.jtvnw.net/previews-ttv/live_user_flys88028-{width}x{height}.jpg
4cb08241fbce4905a83ed02de6a1af9c,live,今天抽250雪花.炎盔(*‘ v`*)#世界樹計畫 !周邊  !布丁,2026-04-22T18:18:45Z,https://www.twitch.tv/lingmu_ch,https://static-cdn.jtvnw.net/previews-ttv/live_user_lingmu_ch-{width}x{height}.jpg
ec12bbfb27d24091aa6a7d64ff9429ea,live,卯ㄨ工作台 繼續畫漫畫,2026-04-22T19:25:42Z,https://www.twitch.tv/rongchuhan,https://static-cdn.jtvnw.net/previews-ttv/live_user_rongchuhan-{width}x{height}.jpg
7a160bd129144664804dd3fc08fceeb1,live,[兔森] 加班第64天~  | @usamori | #世界樹計畫,2026-04-22T20:29:19Z,https://www.twitch.tv/usamori,https://static-cdn.jtvnw.net/previews-ttv/live_user_usamori-{width}x{height}.jpg
1a95bb88e451498ca3491b69af964588,live,4/23 沒有作息可言ᕦ( ᐛ )ᕡ | !簽到 !gearup !wallhack !滑鼠墊 !台規 !陪玩 | @hsuanhsuandesu,2026-04-22T20:34:09Z,https://www.twitch.tv/hsuanhsuandesu,https://static-cdn.jtvnw.net/previews-ttv/live_user_hsuanhsuandesu-{width}x{height}.jpg